first_name,last_name,email,gender,ip_address,date
Roobbie,Wilbore,rwilbore0@bandcamp.com,Female,82.243.17.211,1/7/2018
Aprilette,Dole,adole1@altervista.org,Female,12.132.123.75,3/27/2017
Phillipe,Winkworth,pwinkworth2@wufoo.com,Male,71.62.119.246,1/20/2018
Arvy,Lempke,alempke3@squidoo.com,Male,117.227.52.135,10/20/2017
Cody,Jakov,cjakov4@i2i.jp,Female,172.197.66.100,5/23/2017
Colan,Keggins,ckeggins5@timesonline.co.uk,Male,181.229.74.134,5/27/2017
Nancee,Hembry,nhembry6@reddit.com,Female,156.241.166.133,2/16/2017
Marla,Kopta,mkopta7@youku.com,Female,7.62.98.38,1/11/2018
Sharlene,Roll,sroll8@hexun.com,Female,33.240.2.44,12/30/2017
Misti,Fillan,mfillan9@friendfeed.com,Female,116.231.5.10,2/21/2017
Elyse,McSkin,emcskina@naver.com,Female,174.104.235.87,12/27/2017
Avril,Harm,aharmb@bloomberg.com,Female,69.223.89.103,7/15/2017
Viola,Lopez,vlopezc@exblog.jp,Female,166.108.241.67,3/1/2017
Dulci,Lutz,dlutzd@newyorker.com,Female,68.222.192.251,3/30/2017
Mallory,Ivett,mivette@slideshare.net,Male,54.169.32.87,6/5/2017
Gris,Attree,gattreef@cpanel.net,Male,33.79.140.56,7/26/2017
Jackelyn,Matas,jmatasg@cocolog-nifty.com,Female,91.95.85.200,11/16/2017
Meggi,Corey,mcoreyh@virginia.edu,Female,23.132.198.151,1/13/2018
Chuck,Ditchfield,cditchfieldi@networksolutions.com,Male,109.14.57.171,3/31/2017
Renie,Buckthought,rbuckthoughtj@nih.gov,Female,208.3.126.119,12/21/2017
Miles,Costerd,mcosterdk@homestead.com,Male,248.78.128.34,5/20/2017
Nehemiah,Akehurst,nakehurstl@who.int,Male,240.82.141.142,1/12/2018
Courtenay,Luebbert,cluebbertm@macromedia.com,Female,242.188.105.210,12/20/2017
Trixi,Grasser,tgrassern@cmu.edu,Female,97.215.61.27,12/2/2017
Tuckie,Galey,tgaleyo@weebly.com,Male,159.177.179.42,7/17/2017
Sigfrid,Vasyuchov,svasyuchovp@facebook.com,Male,95.55.8.206,8/22/2017
Anselm,Chataignier,achataignierq@state.tx.us,Male,174.222.178.90,2/7/2017
Amelie,Gregorowicz,agregorowiczr@huffingtonpost.com,Female,247.225.157.19,9/18/2017
Ky,Walburn,kwalburns@sciencedaily.com,Male,134.114.202.23,9/26/2017
Paulie,Choppin,pchoppint@telegraph.co.uk,Male,129.103.190.202,5/13/2017
Jeannette,Kellie,jkellieu@howstuffworks.com,Female,97.230.146.95,11/23/2017
Angil,Maruska,amaruskav@census.gov,Female,54.128.237.154,7/9/2017
Terrijo,Sutworth,tsutworthw@cam.ac.uk,Female,81.92.225.107,2/21/2017
Galvin,Grundon,ggrundonx@issuu.com,Male,14.47.203.93,6/23/2017
Quintina,Kivelle,qkivelley@google.com.hk,Female,198.248.219.167,4/28/2017
Jaquith,Antonat,jantonatz@qq.com,Female,5.84.142.159,6/25/2017
Gail,Hegarty,ghegarty10@sfgate.com,Female,96.172.42.16,5/6/2017
Lawrence,Jirik,ljirik11@forbes.com,Male,92.243.245.88,12/17/2017
Raymond,Gobeau,rgobeau12@indiegogo.com,Male,98.43.94.123,10/25/2017
Nathaniel,Reek,nreek13@w3.org,Male,65.127.31.59,1/30/2017
Daveen,Sorro,dsorro14@howstuffworks.com,Female,63.36.249.64,3/18/2017
Konrad,Figiovanni,kfigiovanni15@bbc.co.uk,Male,149.14.18.35,1/14/2018
Genovera,Bergstrand,gbergstrand16@desdev.cn,Female,88.0.109.45,2/25/2017
Raddy,Osipov,rosipov17@biglobe.ne.jp,Male,250.43.26.251,3/27/2017
Letti,Hyatt,lhyatt18@bing.com,Female,195.68.235.80,6/24/2017
Theobald,Newbury,tnewbury19@loc.gov,Male,151.45.42.254,2/18/2017
Josias,Morena,jmorena1a@issuu.com,Male,167.172.170.159,12/1/2017
Robbie,Mathes,rmathes1b@sina.com.cn,Female,206.56.157.1,1/23/2018
Georgiana,O'Glassane,goglassane1c@sun.com,Female,89.118.155.172,9/28/2017
Corabella,Bibb,cbibb1d@free.fr,Female,198.178.106.68,3/10/2017
Peria,Farndale,pfarndale1e@slate.com,Female,4.84.249.198,5/28/2017
Gabbie,Sarra,gsarra1f@vk.com,Female,10.42.119.179,3/7/2017
Janith,Neat,jneat1g@ucla.edu,Female,252.23.134.87,6/15/2017
Arlena,Blenkinship,ablenkinship1h@ed.gov,Female,140.250.118.47,8/21/2017
Isis,Bidewel,ibidewel1i@ovh.net,Female,213.45.16.180,1/3/2018
Susan,Savery,ssavery1j@apple.com,Female,31.171.37.96,6/2/2017
Nadya,Heeron,nheeron1k@nymag.com,Female,121.105.159.233,11/9/2017
Bendite,O'Shields,boshields1l@craigslist.org,Female,227.103.114.23,9/4/2017
Fawne,Pulsford,fpulsford1m@de.vu,Female,98.105.216.164,3/4/2017
Zacharie,Dudin,zdudin1n@oracle.com,Male,198.116.40.146,8/29/2017
Ingaberg,Cuppleditch,icuppleditch1o@elpais.com,Female,42.56.219.53,9/5/2017
Cloe,Messingham,cmessingham1p@github.io,Female,180.54.148.115,6/5/2017
Parrnell,Sanson,psanson1q@chron.com,Male,66.41.209.213,10/14/2017
Noby,MacCafferky,nmaccafferky1r@amazon.com,Male,48.27.24.123,1/12/2018
Irena,Stave,istave1s@jigsy.com,Female,165.232.167.12,3/16/2017
Tabbitha,Kerrigan,tkerrigan1t@xing.com,Female,125.114.245.49,1/26/2018
Bink,Cogan,bcogan1u@eepurl.com,Male,6.65.28.200,12/26/2017
Chere,Seagrave,cseagrave1v@fc2.com,Female,67.143.59.248,12/30/2017
Cissy,Conichie,cconichie1w@google.ca,Female,41.47.88.36,1/30/2017
Ozzy,Point,opoint1x@addthis.com,Male,117.241.228.36,8/30/2017
Benedicta,Kitcatt,bkitcatt1y@indiatimes.com,Female,148.242.137.59,9/19/2017
Rania,Rosier,rrosier1z@privacy.gov.au,Female,20.74.20.49,8/23/2017
Perice,Gorusso,pgorusso20@wired.com,Male,132.237.5.159,10/3/2017
Helen,Tregunna,htregunna21@myspace.com,Female,180.147.164.191,4/18/2017
Ericha,Egdal,eegdal22@posterous.com,Female,125.70.34.219,11/25/2017
Cinnamon,Cabena,ccabena23@goodreads.com,Female,21.124.20.93,11/3/2017
Horton,Forson,hforson24@scribd.com,Male,139.73.15.14,9/14/2017
Gian,Battaille,gbattaille25@howstuffworks.com,Male,33.222.53.189,7/6/2017
Dewain,Fyfe,dfyfe26@businessweek.com,Male,149.39.61.136,6/2/2017
Laura,Snoday,lsnoday27@timesonline.co.uk,Female,162.249.133.166,5/21/2017
Winifield,Audley,waudley28@tuttocitta.it,Male,83.26.83.213,2/14/2017
Caryl,Cummine,ccummine29@phpbb.com,Female,203.222.161.192,12/7/2017
Tymon,Clemenceau,tclemenceau2a@wikipedia.org,Male,170.187.250.231,4/9/2017
Markus,Micklem,mmicklem2b@issuu.com,Male,104.165.134.12,5/12/2017
Sergio,Henke,shenke2c@thetimes.co.uk,Male,202.93.52.233,5/22/2017
Adamo,Tumbridge,atumbridge2d@wsj.com,Male,191.34.206.229,2/14/2017
Dulciana,Schenfisch,dschenfisch2e@booking.com,Female,238.0.124.183,3/8/2017
Suellen,McTeague,smcteague2f@dyndns.org,Female,124.92.140.72,4/7/2017
Renard,Easseby,reasseby2g@telegraph.co.uk,Male,17.133.78.203,12/23/2017
Cullin,Jubert,cjubert2h@ehow.com,Male,189.70.125.241,8/21/2017
Levin,Gerauld,lgerauld2i@twitter.com,Male,135.198.49.110,3/8/2017
Aldous,Farny,afarny2j@gravatar.com,Male,160.120.107.193,3/17/2017
Estevan,McCarney,emccarney2k@amazon.de,Male,84.86.194.91,2/8/2017
Ilario,Volet,ivolet2l@state.gov,Male,216.2.69.99,4/11/2017
Eleni,Astlatt,eastlatt2m@sogou.com,Female,234.118.249.112,1/13/2018
Lenee,Fireman,lfireman2n@tinypic.com,Female,200.7.45.149,4/26/2017
Lorenzo,Averill,laverill2o@woothemes.com,Male,95.153.214.160,3/10/2017
Harlen,Ciciari,hciciari2p@marketwatch.com,Male,145.248.180.165,7/11/2017
Beret,Renfrew,brenfrew2q@dropbox.com,Female,243.145.23.131,3/27/2017
